{"cameraMode":{"drawMode":0,"name":"Shaded","section":"Shading Mode"},"sceneLighting":true,"audioPlay":false,"sceneViewState":{"m_AlwaysRefresh":false,"showFog":true,"showSkybox":true,"showFlares":true,"showImageEffects":true,"showParticleSystems":true,"showVisualEffectGraphs":true,"m_FxEnabled":true},"in2DMode":false,"pivot":{"x":0.02081739902496338,"y":-0.17436319589614869,"z":0.0515558123588562},"rotation":{"x":-0.024414194747805597,"y":0.9523546099662781,"z":-0.07903427630662918,"w":-0.2937030792236328},"size":2.0142123699188234,"orthographic":false}