{"cameraMode":{"drawMode":0,"name":"Shaded","section":"Shading Mode"},"sceneLighting":true,"audioPlay":false,"sceneViewState":{"m_AlwaysRefresh":false,"showFog":true,"showSkybox":true,"showFlares":true,"showImageEffects":true,"showParticleSystems":true,"showVisualEffectGraphs":true,"m_FxEnabled":true},"in2DMode":false,"pivot":{"x":0.02081739902496338,"y":-0.17436319589614869,"z":0.0515558123588562},"rotation":{"x":-0.2894591689109802,"y":0.4471420347690582,"z":-0.1555442065000534,"w":-0.8319663405418396},"size":7.120853424072266,"orthographic":false}