{"cameraMode":{"drawMode":0,"name":"Shaded","section":"Shading Mode"},"sceneLighting":true,"audioPlay":false,"sceneViewState":{"m_AlwaysRefresh":false,"showFog":true,"showSkybox":true,"showFlares":true,"showImageEffects":true,"showParticleSystems":true,"showVisualEffectGraphs":true,"m_FxEnabled":true},"in2DMode":false,"pivot":{"x":10.753036499023438,"y":5.292543888092041,"z":12.007540702819825},"rotation":{"x":0.16552773118019105,"y":0.8336532115936279,"z":-0.39227423071861269,"w":0.3517765700817108},"size":21.89090347290039,"orthographic":false}