{"cameraMode":{"drawMode":0,"name":"Shaded","section":"Shading Mode"},"sceneLighting":true,"audioPlay":false,"sceneViewState":{"m_AlwaysRefresh":false,"showFog":true,"showSkybox":true,"showFlares":true,"showImageEffects":true,"showParticleSystems":true,"showVisualEffectGraphs":true,"m_FxEnabled":true},"in2DMode":false,"pivot":{"x":2.2304043769836427,"y":1.4240977764129639,"z":3.8077874183654787},"rotation":{"x":-0.007785457652062178,"y":-0.9754592776298523,"z":0.21742653846740724,"w":-0.03508772328495979},"size":6.240989685058594,"orthographic":false}